{
    "test_sets": {
        "Amazon Reviews.csv": 0.4656762295081967,
        "Fine Food Reviews.csv": 0.2022635408245756,
        "hand made.csv": 0.43373493975903615,
        "IMDB.csv": 0.375814332247557,
        "Sentiment140.csv": 0.4671717171717172,
        "Twitter Airline.csv": 0.45674238762687286
    }
}